{
  "welcomeFile": "/index.html",
  "routes": [
    {
      "path": "/resources",
      "target": {
        "type": "service",
        "name": "sapui5",
        "entryPath": "/resources"
      },
      "description": "SAPUI5 Resources"
    },
    {
      "path": "/test-resources",
      "target": {
        "type": "service",
        "name": "sapui5",
        "entryPath": "/test-resources"
      },
      "description": "SAPUI5 Test Resources"
    },
    {
      "path": "/sap/opu/odata",
      "target": {
        "type": "destination",
        "name": "ING_TEST_501",
        "entryPath": "/sap/opu/odata"
      },
      "description": "ING Test 501 (Odata)"
    },
    {
      "path": "/sap/bc/ui5_ui5",
      "target": {
        "type": "destination",
        "name": "ING_TEST_501",
        "entryPath": "/sap/bc/ui5_ui5"
      },
      "description": "ING Test 501 (Odata)"
    },
    {
      "path": "/resources/com/xft/hr/pem/core",
      "target": {
        "type": "destination",
        "name": "ING_TEST_501",
        "entryPath": "/sap/bc/ui5_ui5/xft1/hr_pem_core",
        "preferLocal": true
      },
      "description": "com/xft/hr/pem/core Reuse Library"
    },
    {
      "path": "/resources/com/xft/m",
      "target": {
        "type": "destination",
        "name": "ING_TEST_501",
        "entryPath": "/sap/bc/ui5_ui5/xft1/core_m",
        "preferLocal": true
      },
      "description": "com/xft/m Reuse Library"
    },
    {
      "path": "/resources/com/xft/ui",
      "target": {
        "type": "destination",
        "name": "ING_TEST_501",
        "entryPath": "/sap/bc/ui5_ui5/xft1/core_ui",
        "preferLocal": true
      },
      "description": "com/xft/ui Reuse Library"
    },
    {
      "path": "/parent",
      "target": {
        "type": "application",
        "preferLocal": true,
        "name": "comxfthrpemformstep"
      },
      "description": "Original Application"
    },
    {
      "path": "/resources",
      "target": {
        "type": "service",
        "name": "sapui5",
        "entryPath": "/resources"
      },
      "description": "SAPUI5 Resources"
    },
    {
      "path": "/resources/com/xft/hr/pem/core",
      "target": {
        "type": "application",
        "name": "comxfthrpemcore",
        "preferLocal": true
      },
      "description": "XFT PEM library: Enable this statement ONLY if the library is loaded from the SCP"
    },
    {
      "path": "/resources/com/xft",
      "target": {
        "type": "application",
        "name": "comxft",
        "entryPath": "/"
      },
      "description": "XFT standard library: Enable this statement ONLY if the library is loaded from the SCP"
    },
    {
      "path": "/test-resources",
      "target": {
        "type": "service",
        "name": "sapui5",
        "entryPath": "/test-resources"
      },
      "description": "SAPUI5 Test Resources"
    },
    {
      "path": "/resources/com/xft/hr/pem/form/step/base",
      "target": {
        "type": "destination",
        "name": "ING_TEST_501",
        "entryPath": "/sap/bc/ui5_ui5/xft1/hr_pem_step",
        "preferLocal": true
      },
      "description": "com/xft/hr/pem/form/step/base Reuse Library"
    },
    {
      "path": "/resources/com/xft/hr/pem/form/step/base",
      "target": {
        "type": "application",
        "name": "comxfthrpemformstep",
        "entryPath": "/"
      },
      "description": "Path of base step for loading from Cloud Platform"
    },
    {
      "path": "/dist/parent",
      "target": {
        "type": "application",
        "preferLocal": true,
        "name": "comxfthrpemformstep"
      },
      "description": "Original Application"
    },
    {
      "path": "/dist/resources",
      "target": {
        "type": "service",
        "name": "sapui5",
        "entryPath": "/resources"
      },
      "description": "SAPUI5 Resources"
    },
    {
      "path": "/dist/resources/com/xft/hr/pem/core",
      "target": {
        "type": "application",
        "name": "comxfthrpemcore",
        "preferLocal": true
      },
      "description": "XFT PEM library: Enable this statement ONLY if the library is loaded from the SCP"
    },
    {
      "path": "/dist/resources/com/xft",
      "target": {
        "type": "application",
        "name": "comxft",
        "entryPath": "/"
      },
      "description": "XFT standard library: Enable this statement ONLY if the library is loaded from the SCP"
    },
    {
      "path": "/dist/test-resources",
      "target": {
        "type": "service",
        "name": "sapui5",
        "entryPath": "/test-resources"
      },
      "description": "SAPUI5 Test Resources"
    },
    {
      "path": "/resources/com/xft/tm/core",
      "target": {
        "type": "destination",
        "name": "ING_TEST_501",
        "entryPath": "/sap/bc/ui5_ui5/xft1/tm_core",
        "preferLocal": true
      },
      "description": "com/xft/tm/core Reuse Library"
    }
  ],
  "sendWelcomeFileRedirect": true
}
