{
  "resources": [
    {
      "name": "../../../../../../../sap-ui-version.json"
    },
    {
      "name": "i18n/i18n_it.properties",
      "raw": "i18n/i18n.properties",
      "locale": "_it"
    },
    {
      "name": "i18n/i18n_es.properties",
      "raw": "i18n/i18n.properties",
      "locale": "_es"
    },
    {
      "name": "i18n/i18n_en.properties",
      "raw": "i18n/i18n.properties",
      "locale": "_en"
    },
    {
      "name": "i18n/i18n_de.properties",
      "raw": "i18n/i18n.properties",
      "locale": "_de"
    },
    {
      "name": "i18n/i18n.properties",
      "raw": "i18n/i18n.properties"
    },
    {
      "name": "controller/MainCustom.controller.js"
    },
    {
      "name": "manifest.json"
    },
    {
      "name": "Component.js"
    },
    {
      "name": "manifest-bundle.zip"
    },
    {
      "name": "Component-preload.js",
      "merged": true
    },
    {
      "name": "Component-dbg.js",
      "isDebug": true
    },
    {
      "name": "controller/MainCustom-dbg.controller.js",
      "isDebug": true
    },
    {
      "name": "i18n/i18n_fr.properties",
      "raw": "i18n/i18n.properties",
      "locale": "_fr"
    },
    {
      "name": "neo-app.json"
    },
    {
      "name": "di.code-validation.core_issues.json"
    },
    {
      "name": "view/Main_StepComponent_ExtensionPoint1Custom.fragment.xml"
    },
    {
      "name": "index.html"
    }
  ]
}
