{
  "manifest-bundle.zip": 1649841140613,
  "i18n/i18n_it.properties": 1649830310000,
  "i18n/i18n_es.properties": 1649830310000,
  "i18n/i18n_en.properties": 1649830310000,
  "i18n/i18n_de.properties": 1649830310000,
  "i18n/i18n.properties": 1649830310000,
  "controller/MainCustom.controller.js": 1649830310000,
  "manifest.json": 1649841140565,
  "Component.js": 1649830310000,
  "i18n/i18n_fr.properties": 1649830310000,
  "Component-preload.js": 1649841140914,
  "Component-dbg.js": 1649830310000,
  "controller/MainCustom-dbg.controller.js": 1649830310000,
  "neo-app.json": 1649841140966,
  "di.code-validation.core_issues.json": 1649841147725,
  "resources.json": 1649841147740,
  "view/Main_StepComponent_ExtensionPoint1Custom.fragment.xml": 1649830310000,
  "index.html": 1649830310000
}
